year,iso_code,population,gdp,cement_co2,cement_co2_per_capita,co2,co2_growth_abs,co2_growth_prct,co2_including_luc,co2_including_luc_growth_abs,co2_including_luc_growth_prct,co2_including_luc_per_capita,co2_including_luc_per_gdp,co2_including_luc_per_unit_energy,co2_per_capita,co2_per_gdp,co2_per_unit_energy,coal_co2,coal_co2_per_capita,consumption_co2,consumption_co2_per_capita,consumption_co2_per_gdp,cumulative_cement_co2,cumulative_co2,cumulative_co2_including_luc,cumulative_coal_co2,cumulative_flaring_co2,cumulative_gas_co2,cumulative_luc_co2,cumulative_oil_co2,cumulative_other_co2,energy_per_capita,energy_per_gdp,flaring_co2,flaring_co2_per_capita,gas_co2,gas_co2_per_capita,ghg_excluding_lucf_per_capita,ghg_per_capita,land_use_change_co2,land_use_change_co2_per_capita,methane,methane_per_capita,nitrous_oxide,nitrous_oxide_per_capita,oil_co2,oil_co2_per_capita,other_co2_per_capita,other_industry_co2,primary_energy_consumption,share_global_cement_co2,share_global_co2,share_global_co2_including_luc,share_global_coal_co2,share_global_cumulative_cement_co2,share_global_cumulative_co2,share_global_cumulative_co2_including_luc,share_global_cumulative_coal_co2,share_global_cumulative_flaring_co2,share_global_cumulative_gas_co2,share_global_cumulative_luc_co2,share_global_cumulative_oil_co2,share_global_cumulative_other_co2,share_global_flaring_co2,share_global_gas_co2,share_global_luc_co2,share_global_oil_co2,share_global_other_co2,share_of_temperature_change_from_ghg,temperature_change_from_ch4,temperature_change_from_co2,temperature_change_from_ghg,temperature_change_from_n2o,total_ghg,total_ghg_excluding_lucf,trade_co2,trade_co2_share,,,,,,,,,,,,,PC_coal_1,PC_coal_2,PC_oil_1,PC_oil_2,PC_cement_1,PC_cement_2,PC_gas_1,PC_gas_2,PC_landuse_1,PC_landuse_2,PC_flaring_1,PC_flaring_2,PC_growth_1,PC_growth_2,PC_energy_1,PC_ghg_1,PC_ghg_2,PC_methane_1,PC_no_1
1949,AFG,7356890,,0,0,0.015,,,6.25,,,0.85,,,0.002,,,0.015,0.002,,,,0,0.015,6.25,0.015,,0,519.503,0,,,,,,0,0,0.176,2.486,6.235,0.848,7.899,1.074,2.17,0.295,0,0,,,,0,0,0.059,0,0,0,0.001,0,,0,0.125,0,,,0,0.114,0,,0.128,0,0,0.001,0,18.288,1.297,,,,,,,,,,,,,,,-2.043003386,0.238700906,-2.619552865,0.061447542,-2.413349161,1.922142804,-2.352026971,0.989621744,1.882577762,-1.108471847,-3.31E-16,5.16E-16,3.36E-16,-5.37E-17,-5.44E-16,-2.176309122,0.456465923,-1.720207888,-2.619552865
1950,AFG,7776182,9421400064,0,0,0.084,0.07,475,7.316,1.066,17.059,0.941,0.777,,0.011,0.009,,0.021,0.003,,,,0,0.099,13.566,0.036,,0,526.735,0.063,,,,,,0,0,0.187,2.501,7.232,0.93,8.101,1.042,2.238,0.288,0.063,0.008,,,,0,0.001,0.06,0.001,0,0,0.002,0,,0,0.125,0,,,0,0.117,0.004,,0.128,0,0,0.001,0,19.447,1.453,,,,,,,,,,,,,,,-1.970330704,0.296718952,-2.448206042,0.206142476,-2.413349161,1.922142804,-2.352026971,0.989621744,2.033697728,-1.009015298,-1.50E-15,1.11E-15,4.190721975,-0.878602716,1.53E-16,-2.039846657,0.569678133,-1.580914308,-2.448206042
1951,AFG,7879343,9692279808,0,0,0.092,0.007,8.696,8.264,0.948,12.956,1.049,0.853,,0.012,0.009,,0.026,0.003,,,,0,0.191,21.83,0.061,,0,534.907,0.129,,,,,,0,0,0.187,2.596,8.172,1.037,8.233,1.045,2.3,0.292,0.066,0.008,,,,0,0.001,0.064,0.001,0,0,0.003,0,,0,0.125,0,,,0,0.125,0.004,,0.128,0,0,0.001,0,20.458,1.473,,,,,,,,,,,,,,,-1.967750146,0.296656892,-2.446809828,0.205402956,-2.413349161,1.922142804,-2.352026971,0.989621744,2.219292285,-0.884559498,-6.01E-16,2.09E-15,0.004300501,-0.066387891,1.71E-16,-2.017324409,0.755819426,-1.563101196,-2.446809828
1952,AFG,7987783,10017325056,0,0,0.092,0,0,9.192,0.928,11.232,1.151,0.918,,0.011,0.009,,0.032,0.004,,,,0,0.282,31.022,0.093,,0,544.008,0.189,,,,,,0,0,0.186,2.674,9.101,1.139,8.373,1.048,2.373,0.297,0.06,0.007,,,,0,0.001,0.071,0.001,0,0,0.005,0,,0,0.125,0.001,,,0,0.14,0.003,,0.128,0,0,0.001,0,21.356,1.484,,,,,,,,,,,,,,,-1.951478773,0.311406675,-2.400630672,0.087798719,-2.413349161,1.922142804,-2.352026971,0.989621744,2.423554865,-0.716486355,-7.44E-17,5.81E-16,-0.085548142,-0.060775949,1.71E-16,-1.999676805,0.915243587,-1.543651811,-2.400630672
1953,AFG,8096703,10630519808,0,0,0.106,0.015,16,10.269,1.077,11.711,1.268,0.966,,0.013,0.01,,0.038,0.005,,,,0,0.388,41.291,0.131,,0,554.17,0.257,,,,,,0,0,0.187,2.762,10.162,1.255,8.528,1.053,2.455,0.303,0.068,0.008,,,,0,0.002,0.078,0.001,0,0,0.006,0,,0,0.125,0.001,,,0,0.154,0.004,,0.128,0,0,0.001,0,22.361,1.517,,,,,,,,,,,,,,,-1.935030184,0.325957908,-2.365848379,0.112813734,-2.413349161,1.922142804,-2.352026971,0.989621744,2.64451136,-0.543086747,-7.20E-17,1.18E-15,0.114798119,-0.091197503,1.71E-16,-1.968106027,1.093298034,-1.527258016,-2.365848379
1954,AFG,8207953,10866360320,0,0,0.106,0,0,11.137,0.869,8.459,1.357,1.025,,0.013,0.01,,0.043,0.005,,,,0,0.495,52.428,0.174,,0,565.201,0.321,,,,,,0,0,0.187,2.833,11.031,1.344,8.691,1.059,2.541,0.31,0.064,0.008,,,,0,0.002,0.081,0.001,0,0,0.007,0,,0,0.126,0.001,,,0,0.158,0.003,,0.128,0,0,0.001,0,23.256,1.534,,,,,,,,,,,,,,,-1.931917976,0.325300199,-2.391134546,0.096091514,-2.413349161,1.922142804,-2.352026971,0.989621744,2.801891402,-0.482723093,-3.50E-17,5.65E-16,-0.104932078,-0.075653472,1.71E-16,-1.942038585,1.244863355,-1.512289749,-2.391134546
1955,AFG,8326981,11078185984,0,0,0.154,0.048,44.828,12.247,1.11,9.967,1.471,1.106,,0.018,0.014,,0.062,0.007,,,,0,0.649,64.675,0.236,,0,577.294,0.413,,,,,,0,0,0.196,2.933,12.093,1.452,8.897,1.068,2.627,0.316,0.092,0.011,,,,0,0.002,0.084,0.001,0,0,0.009,0,,0,0.127,0.001,,,0,0.17,0.004,,0.128,0,0,0.001,0,24.423,1.633,,,,,,,,,,,,,,,-1.896855283,0.355937272,-2.337796657,0.141895513,-2.413349161,1.922142804,-2.352026971,0.989621744,3.023973551,-0.36353005,-3.50E-17,5.65E-16,0.408177639,-0.153834775,1.71E-16,-1.861241916,1.445338061,-1.497711916,-2.337796657
1956,AFG,8454302,11581236224,0,0,0.183,0.029,19.048,13.193,0.945,7.718,1.56,1.139,,0.022,0.016,,0.062,0.007,,,,0,0.832,77.868,0.298,,0,590.304,0.534,,,,,,0,0,0.203,3.016,13.009,1.539,9.11,1.078,2.711,0.321,0.121,0.014,,,,0,0.002,0.087,0.001,0,0,0.011,0,,0,0.128,0.001,,,0,0.18,0.005,,0.128,0,0,0.001,0,25.502,1.712,,,,,,,,,,,,,,,-1.895024047,0.353885591,-2.28390973,0.18735354,-2.413349161,1.922142804,-2.352026971,0.989621744,3.199152937,-0.257183429,-3.50E-17,5.65E-16,0.112531483,-0.11621526,1.71E-16,-1.789588218,1.621827654,-1.484764146,-2.28390973
1957,AFG,8588340,11578973184,0,0,0.293,0.11,60,14.253,1.06,8.038,1.66,1.231,,0.034,0.025,,0.077,0.009,,,,0,1.125,92.121,0.375,,0,604.264,0.75,,,,,,0,0,0.228,3.114,13.96,1.625,9.416,1.096,2.787,0.324,0.216,0.025,,,,0,0.004,0.092,0.002,0,0,0.012,0,,0,0.128,0.002,,,0,0.191,0.008,,0.128,0,0,0.001,0,26.746,1.956,,,,,,,,,,,,,,,-1.804265833,0.42631836,-2.029140045,0.255250593,-2.413349161,1.922142804,-2.352026971,0.989621744,3.349771353,-0.085366519,-3.50E-17,5.65E-16,0.583917925,-0.18979178,1.71E-16,-1.612418075,1.818952791,-1.47728911,-2.029140045
1958,AFG,8723412,12238841856,0,0,0.33,0.037,12.5,15.313,1.061,7.441,1.755,1.251,,0.038,0.027,,0.092,0.011,,,,0,1.455,107.434,0.467,,0,619.247,0.988,,,,,,0,0,0.234,3.212,14.984,1.718,9.649,1.106,2.852,0.327,0.238,0.027,,,,0,0.004,0.098,0.002,0,0.001,0.014,0,,0,0.13,0.002,,,0,0.208,0.009,,0.128,0,0,0.001,0,28.019,2.044,,,,,,,,,,,,,,,-1.769790784,0.455350498,-1.982382014,0.288679425,-2.413349161,1.922142804,-2.352026971,0.989621744,3.586894897,0.021943003,-3.50E-17,5.65E-16,0.098069026,-0.109915228,1.71E-16,-1.538893861,2.028496317,-1.460250655,-1.982382014
1959,AFG,8869271,12579874816,0.018,0.002,0.385,0.055,16.621,16.017,0.704,4.597,1.806,1.273,,0.043,0.031,,0.11,0.012,,,,0.018,1.839,123.452,0.577,,0,634.88,1.244,,,,,,0,0,0.242,3.276,15.633,1.763,9.89,1.115,2.902,0.327,0.256,0.029,,,,0.013,0.004,0.096,0.002,0.001,0.001,0.016,0,,0,0.131,0.003,,,0,0.202,0.009,,0.128,0,0,0.001,0,29.052,2.149,,,,,,,,,,,,,,,-1.746794422,0.469355689,-1.882432679,0.215137032,-0.679084083,2.168169058,-2.352026971,0.989621744,3.61697151,0.040478381,-3.50E-17,5.65E-16,0.040752841,-0.12223471,1.71E-16,-1.453554589,2.18129907,-1.438514125,-1.882432679
1960,AFG,9035048,13033253888,0.018,0.002,0.414,0.029,7.623,17.857,1.84,11.488,1.976,1.37,,0.046,0.032,,0.127,0.014,,,,0.036,2.253,141.309,0.704,,0,652.324,1.513,,,,,,0,0,0.246,3.187,17.444,1.931,10.137,1.122,2.934,0.325,0.269,0.03,,,,0.011,0.004,0.111,0.002,0.002,0.001,0.018,0,,0,0.133,0.003,,,0,0.26,0.009,,0.128,0,0,0.001,0,28.796,2.225,,,,,,,,,,,,,,,-1.710548747,0.497535713,-1.869476705,0.222078033,-0.714277771,1.997504728,-2.352026971,0.989621744,4.159555479,0.426442759,-3.50E-17,5.65E-16,0.287909981,-0.102895246,1.71E-16,-1.400581416,2.066855891,-1.409426785,-1.869476705
1961,AFG,9214082,13146287104,0.022,0.002,0.491,0.077,18.583,15.287,-2.571,-14.396,1.659,1.163,,0.053,0.037,,0.176,0.019,,,,0.058,2.744,156.596,0.88,,0,667.12,1.806,,,,,,0,0,0.257,2.844,14.796,1.606,9.611,1.043,2.927,0.318,0.293,0.032,,,,0.013,0.005,0.094,0.004,0.003,0.001,0.019,0,,0,0.134,0.003,,,0,0.217,0.009,,0.128,0,0,0.001,0,26.207,2.37,,,,,,,,,,,,,,,-1.5082667,0.659471551,-1.846897003,0.239309113,-0.433376023,1.915449794,-2.352026971,0.989621744,3.369707686,0.085554805,-3.50E-17,5.65E-16,-0.931940854,-0.130831245,1.71E-16,-1.337439719,1.484493944,-1.275129427,-1.846897003
1962,AFG,9404411,13367633920,0.029,0.003,0.689,0.198,40.301,14.062,-1.225,-8.015,1.495,1.052,,0.073,0.052,,0.297,0.032,,,,0.087,3.432,170.657,1.176,,0,680.493,2.169,,,,,,0,0,0.289,2.73,13.373,1.422,9.902,1.053,2.901,0.308,0.363,0.039,,,,0.016,0.007,0.087,0.006,0.004,0.001,0.021,0,,0,0.135,0.004,,,0,0.211,0.01,,0.127,0,0,0.001,0,25.671,2.722,,,,,,,,,,,,,,,-1.170988222,0.947579224,-1.674351464,0.232751977,0.227945088,1.881151542,-2.352026971,0.989621744,2.992941438,0.000102693,-3.50E-17,5.65E-16,-0.211748716,-0.173663387,1.71E-16,-1.129760934,1.305624797,-1.246227987,-1.674351464
1963,AFG,9604491,13630298112,0.051,0.005,0.707,0.018,2.635,13.5,-0.562,-3.997,1.406,0.99,,0.074,0.052,,0.264,0.027,,,,0.138,4.139,184.157,1.44,,0,693.286,2.561,,,,,,0,0,0.29,2.681,12.793,1.332,10.253,1.067,2.952,0.307,0.392,0.041,,,,0.027,0.007,0.082,0.005,0.005,0.001,0.022,0.001,,0,0.136,0.004,,,0,0.208,0.01,,0.127,0,0,0.001,0,25.747,2.79,,,,,,,,,,,,,,,-1.066985712,0.499667624,-1.64957616,0.248906826,1.93027114,2.007075437,-2.352026971,0.989621744,2.802325261,-0.033244084,-3.50E-17,5.65E-16,-0.508395123,-0.107695315,1.71E-16,-1.089044773,1.262797603,-1.217301702,-1.64957616
1964,AFG,9814318,13870503936,0.062,0.006,0.839,0.132,18.651,10.881,-2.618,-19.394,1.109,0.785,,0.085,0.06,,0.3,0.031,,,,0.2,4.978,195.038,1.741,,0,703.328,3.037,,,,,,0,0,0.312,2.509,10.043,1.023,10.526,1.073,3.015,0.307,0.476,0.049,,,,0.03,0.008,0.065,0.006,0.007,0.001,0.023,0.001,,0,0.136,0.005,,,0,0.171,0.012,,0.127,0,0,0.001,0,24.625,3.065,,,,,,,,,,,,,,,-0.9356431,0.597682713,-1.440495328,0.267121872,2.756335867,1.819856313,-2.352026971,0.989621744,2.039741106,-0.317979971,-3.50E-17,5.65E-16,-0.895848423,-0.158657928,1.71E-16,-0.946602093,0.978343922,-1.17983467,-1.440495328
1965,AFG,10036003,14187419648,0.084,0.008,1.007,0.168,20.078,11.389,0.507,4.661,1.135,0.803,,0.1,0.071,,0.381,0.038,,,,0.283,5.985,206.427,2.122,,0,713.71,3.58,,,,,,0,0,0.336,2.528,10.382,1.034,10.853,1.081,3.087,0.308,0.542,0.054,,,,0.039,0.009,0.067,0.007,0.01,0.002,0.024,0.001,,0,0.137,0.005,,,0,0.185,0.012,,0.126,0,0,0.001,0,25.37,3.372,,,,,,,,,,,,,,,-0.746011299,0.744608866,-1.385094747,0.313288813,4.503662789,1.66851688,-2.352026971,0.989621744,2.116408036,-0.225481716,-3.50E-17,5.65E-16,0.118263853,-0.119154806,1.71E-16,-0.761350296,1.052180027,-1.137446394,-1.385094747
1966,AFG,10266397,14325264384,0.087,0.008,1.091,0.084,8.366,10.25,-1.138,-9.996,0.998,0.716,,0.106,0.076,,0.429,0.042,,,,0.371,7.076,216.677,2.55,,0,722.869,4.155,,,,,,0,0,0.345,2.448,9.159,0.892,11.273,1.098,3.165,0.308,0.575,0.056,,,,0.037,0.009,0.06,0.008,0.012,0.002,0.024,0.001,,0,0.137,0.006,,,0,0.175,0.012,,0.126,0,0,0.001,0,25.136,3.544,,,,,,,,,,,,,,,-0.60649643,0.840257874,-1.278295762,0.236205124,4.607483633,1.315951385,-2.352026971,0.989621744,1.776614658,-0.293610855,-3.50E-17,5.65E-16,-0.574468375,-0.133762968,1.71E-16,-0.677003958,0.946502362,-1.103592653,-1.278295762
1967,AFG,10505961,14734025728,0.065,0.006,1.282,0.191,17.477,8.687,-1.563,-15.251,0.827,0.59,,0.122,0.087,,0.399,0.038,,,,0.436,8.358,225.364,2.95,,0.26,730.274,4.712,,,,,,0.26,0.025,0.386,2.341,7.405,0.705,11.616,1.106,3.248,0.309,0.557,0.053,,,,0.027,0.01,0.049,0.008,0.013,0.002,0.025,0.001,,0.001,0.137,0.006,,,0.018,0.137,0.011,,0.125,0,0,0.001,0,24.593,4.055,,,,,,,,,,,,,,,-0.658197468,0.762868083,-1.321854152,0.18184028,3.113342286,0.921425791,-0.02671592,1.963816003,1.235126448,-0.552929597,-3.50E-17,5.65E-16,-0.525389022,-0.165603626,1.71E-16,-0.413118007,0.769895052,-1.05793183,-1.321854152
1968,AFG,10756924,15254250496,0.047,0.004,1.223,-0.058,-4.562,8.133,-0.554,-6.375,0.756,0.533,,0.114,0.08,,0.332,0.031,,,,0.483,9.581,233.497,3.282,,0.607,737.184,5.209,,,,,,0.347,0.032,0.376,2.277,6.91,0.642,11.906,1.107,3.393,0.315,0.497,0.046,,,,0.018,0.009,0.045,0.006,0.013,0.002,0.025,0.001,,0.003,0.137,0.006,,,0.022,0.13,0.009,,0.125,0,0,0.001,0,24.491,4.049,,,,,,,,,,,,,,,-0.878338221,0.551585989,-1.428312786,0.070387348,1.683559221,0.639611806,0.753659544,2.005307476,1.064313144,-0.581477486,-3.50E-17,5.65E-16,-0.6424464,-0.111064183,1.71E-16,-0.435944287,0.701840374,-1.001678706,-1.428312786
1969,AFG,11017417,15493193728,0.051,0.005,0.941,-0.282,-23.064,7.225,-0.908,-11.166,0.656,0.466,,0.085,0.061,,0.363,0.033,,,,0.534,10.522,240.722,3.645,,0.607,743.468,5.736,,,,,,0,0,0.31,2.106,6.284,0.57,11.486,1.042,3.382,0.307,0.528,0.048,,,,0.019,0.007,0.037,0.007,0.013,0.003,0.025,0.001,,0.003,0.137,0.006,,,0,0.108,0.009,,0.124,0,0,0.001,0,23.202,3.417,,,,,,,,,,,,,,,-0.773237791,0.617003291,-1.401519455,0.084756139,2.080798988,0.637656048,-2.075744053,0.639668998,0.813095417,-0.703789436,-3.50E-17,5.65E-16,-1.128191336,-0.099685311,1.71E-16,-0.815127805,0.447985488,-0.888565948,-1.401519455
1970,AFG,11290135,15812232192,0.047,0.004,1.67,0.729,77.469,8.153,0.928,12.85,0.722,0.516,,0.148,0.106,,0.437,0.039,,,,0.581,12.193,248.876,4.082,0.297,0.824,749.951,6.408,,,,0.297,0.026,0.217,0.019,0.377,2.136,6.483,0.574,11.689,1.035,3.402,0.301,0.672,0.06,,,,0.016,0.011,0.04,0.008,0.014,0.003,0.026,0.001,0.012,0.003,0.136,0.006,,0.107,0.012,0.114,0.01,,0.123,0,0,0.001,0,24.12,4.255,,,,,,,,,,,,,,,-0.597646621,0.746114551,-1.253775603,0.219122324,1.639566837,0.391226259,-0.426577676,1.388119384,0.802645169,-0.575396351,3.676153503,3.583856819,1.287474066,-0.17496561,1.71E-16,-0.364228204,0.52711041,-0.825612886,-1.253775603
1971,AFG,11567672,15770513408,0.043,0.004,1.894,0.223,13.36,7.621,-0.533,-6.532,0.659,0.483,,0.164,0.12,,0.359,0.031,,,,0.625,14.086,256.497,4.441,0.602,1.264,755.678,7.156,,,,0.304,0.026,0.44,0.038,0.392,2.041,5.727,0.495,11.669,1.009,3.367,0.291,0.747,0.065,,,,0.014,0.012,0.037,0.006,0.014,0.003,0.026,0.001,0.021,0.005,0.136,0.007,,0.095,0.023,0.112,0.01,,0.122,0,0,0.001,0,23.612,4.532,,,,,,,,,,,,,,,-0.834158276,0.517365036,-1.115075693,0.172068611,1.433140494,0.316163404,1.358732669,1.883699674,0.618008958,-0.595102366,3.527181198,2.898403168,-0.211836422,-0.139165283,1.71E-16,-0.250577376,0.379067536,-0.750096717,-1.115075693
1972,AFG,11853697,13170552832,0.046,0.004,1.53,-0.363,-19.181,6.73,-0.891,-11.687,0.568,0.511,,0.129,0.116,,0.191,0.016,,,,0.671,15.617,263.227,4.631,0.968,1.564,760.878,7.782,,,,0.366,0.031,0.3,0.025,0.363,1.729,5.2,0.439,10.276,0.867,2.629,0.222,0.627,0.053,,,,0.014,0.009,0.031,0.003,0.014,0.003,0.026,0.002,0.03,0.006,0.136,0.007,,0.106,0.015,0.096,0.008,,0.121,0,0,0.001,0,20.493,4.301,,,,,,,,,,,,,,,-1.026688386,-0.183471913,-1.267690861,0.00529669,1.493060305,0.25057639,0.359677012,1.239517839,0.42182847,-0.68505517,4.101423792,2.065866202,-1.16619912,-0.111994944,1.71E-16,-0.464058175,-0.198879665,-0.600237006,-1.267690861
1973,AFG,12158000,13568630784,0.067,0.006,1.635,0.105,6.868,6.039,-0.691,-10.267,0.497,0.445,,0.135,0.121,,0.311,0.026,,,,0.738,17.252,269.266,4.942,1.191,1.897,765.282,8.484,,,,0.223,0.018,0.333,0.027,0.364,1.7,4.404,0.362,10.641,0.875,2.911,0.239,0.702,0.058,,,,0.02,0.01,0.027,0.005,0.014,0.004,0.026,0.002,0.033,0.006,0.135,0.007,,0.055,0.015,0.084,0.009,,0.119,0,0,0.001,0,20.668,4.424,,,,,,,,,,,,,,,-0.728682189,0.059315026,-1.183327028,0.06534767,2.802861823,0.31047142,0.491361367,1.238103986,0.173772979,-0.716561103,2.205232295,2.077563981,-0.431058153,-0.147314483,1.71E-16,-0.419979064,-0.212388071,-0.550076429,-1.183327028
1974,AFG,12469127,14309107712,0.07,0.006,1.913,0.278,16.98,5.88,-0.159,-2.633,0.472,0.411,,0.153,0.134,,0.305,0.024,,,,0.808,19.165,275.146,5.247,1.558,2.297,769.249,9.255,,,,0.367,0.029,0.4,0.032,0.385,1.706,3.967,0.318,11.243,0.902,3.167,0.254,0.771,0.062,,,,0.021,0.011,0.027,0.005,0.015,0.004,0.026,0.002,0.039,0.007,0.135,0.007,,0.094,0.018,0.077,0.01,,0.118,0,0,0.001,0,21.277,4.804,,,,,,,,,,,,,,,-0.748115539,0.018522926,-1.106463006,0.114117597,2.999350511,0.158659891,1.034253439,1.299618663,0.041138666,-0.757961178,3.731486141,1.304729323,-0.011543989,-0.133392784,1.71E-16,-0.242528914,-0.161693835,-0.509615479,-1.106463006
1975,AFG,12773967,15177767936,0.069,0.005,2.121,0.208,10.884,5.732,-0.148,-2.524,0.449,0.378,,0.166,0.14,,0.399,0.031,,,,0.878,21.287,280.878,5.646,1.862,2.772,772.859,10.129,,,,0.304,0.024,0.475,0.037,0.397,1.715,3.61,0.283,11.848,0.927,3.433,0.269,0.874,0.068,,,,0.02,0.012,0.026,0.007,0.015,0.004,0.026,0.002,0.043,0.008,0.134,0.007,,0.09,0.021,0.071,0.011,,0.117,0,0,0.001,0,21.901,5.076,,,,,,,,,,,,,,,-0.496436276,0.209747286,-1.007263686,0.18347934,2.653781778,0.022164994,1.597129056,1.355014051,-0.095757931,-0.738643081,3.071798006,0.963512804,-0.128119568,-0.123592997,1.71E-16,-0.11952143,-0.102171401,-0.462417323,-1.007263686
1976,AFG,13059861,16023605248,0.079,0.006,1.981,-0.141,-6.624,5.286,-0.446,-7.786,0.405,0.33,,0.152,0.124,,0.425,0.033,,,,0.957,23.267,286.164,6.071,2.155,3.073,776.164,11.012,,,,0.293,0.022,0.3,0.023,0.371,1.656,3.305,0.253,11.925,0.913,3.532,0.27,0.883,0.068,,,,0.022,0.011,0.023,0.007,0.015,0.004,0.026,0.002,0.045,0.008,0.134,0.008,,0.074,0.013,0.065,0.01,,0.116,0,0,0.001,0,21.624,4.841,,,,,,,,,,,,,,,-0.448072972,0.22944342,-0.941104552,0.06507636,3.235374279,-0.018698184,0.406924374,0.785945701,-0.194917888,-0.771428842,2.67024709,0.818426431,-0.707078065,-0.121240647,1.71E-16,-0.256332992,-0.173069071,-0.403802959,-0.941104552
1977,AFG,13340758,15207360512,0.065,0.005,2.384,0.403,20.361,5.391,0.106,2.001,0.404,0.355,,0.179,0.157,,0.451,0.034,,,,1.022,25.652,291.555,6.521,2.536,3.586,779.171,11.987,,,,0.381,0.029,0.513,0.038,0.396,1.613,3.007,0.225,11.751,0.881,3.467,0.26,0.975,0.073,,,,0.017,0.013,0.022,0.007,0.015,0.005,0.026,0.002,0.049,0.009,0.133,0.008,,0.1,0.021,0.055,0.011,,0.115,0,0,0.001,0,21.517,5.287,,,,,,,,,,,,,,,-0.412086897,0.233421826,-0.85003553,0.122371866,2.37888291,-0.180139018,1.814600285,1.195922849,-0.333098073,-0.774728136,3.592233628,0.265887619,0.220214925,-0.117662693,1.71E-16,-0.075729346,-0.237563767,-0.341414249,-0.85003553
1978,AFG,13611445,16337829888,0.058,0.004,2.153,-0.231,-9.684,4.786,-0.606,-11.236,0.352,0.293,,0.158,0.132,,0.576,0.042,,,,1.079,27.805,296.34,7.098,2.818,3.887,781.803,12.923,,,,0.283,0.021,0.301,0.022,0.372,1.534,2.632,0.193,11.749,0.863,3.413,0.251,0.936,0.069,,,,0.014,0.011,0.02,0.009,0.015,0.005,0.026,0.002,0.051,0.009,0.132,0.008,,0.072,0.012,0.049,0.01,,0.113,0,0,0.001,0,20.887,5.062,,,,,,,,,,,,,,,-0.130613211,0.438390747,-0.900428439,0.051329631,1.789837532,-0.322388859,0.434245391,0.553191405,-0.464058194,-0.761487988,2.371438059,0.20489457,-0.870065162,-0.13317071,1.71E-16,-0.215477187,-0.361200702,-0.286710881,-0.900428439
1979,AFG,13655572,15913788416,0.064,0.005,2.233,0.079,3.69,4.99,0.204,4.263,0.365,0.314,,0.164,0.14,,0.352,0.026,,,,1.143,30.038,301.33,7.449,3.086,4.271,784.56,14.088,,,,0.267,0.02,0.385,0.028,0.375,1.506,2.757,0.202,11.528,0.844,3.315,0.243,1.165,0.085,,,,0.016,0.011,0.021,0.005,0.015,0.005,0.026,0.002,0.053,0.01,0.131,0.008,,0.074,0.014,0.059,0.013,,0.112,0,0,0.001,0,20.564,5.115,,,,,,,,,,,,,,,-0.639529591,-0.017370798,-0.650660419,0.255021918,2.28644104,-0.320816222,0.982410159,0.593371868,-0.441934773,-0.633168788,2.193670304,-0.023354205,-0.202891597,-0.083859474,1.71E-16,-0.203044364,-0.419653915,-0.273738706,-0.650660419
1980,AFG,13169312,15329836032,0.023,0.002,1.756,-0.476,-21.339,4.338,-0.652,-13.06,0.329,0.283,0.557,0.133,0.115,0.225,0.316,0.024,,,,1.166,31.794,305.668,7.765,3.391,4.459,787.142,15.013,,623.929,0.508,0.305,0.023,0.187,0.014,0.365,1.524,2.582,0.196,11.657,0.885,3.351,0.254,0.925,0.07,,,7.791,0.006,0.009,0.018,0.005,0.015,0.005,0.025,0.002,0.055,0.009,0.131,0.008,,0.096,0.007,0.052,0.01,,0.111,0,0,0.001,0,20.068,4.804,,,,,,,,,,,,,,,-0.669690985,-0.063118294,-0.870577635,0.030809205,0.044914595,-0.494555701,-0.292705042,0.166566807,-0.506284632,-0.670493867,2.658725582,-0.37459188,-1.220107485,-0.126767244,-0.737723778,-0.326000734,-0.441869241,-0.372887674,-0.870577635
1981,AFG,11937587,15645343744,0.033,0.003,1.978,0.222,12.649,4.675,0.337,7.764,0.392,0.299,0.533,0.166,0.126,0.225,0.333,0.028,,,,1.199,33.772,310.343,8.098,3.684,4.763,789.838,16.028,,786.837,0.561,0.293,0.025,0.304,0.025,0.416,1.688,2.696,0.226,11.608,0.972,3.321,0.278,1.015,0.085,,,8.777,0.008,0.01,0.02,0.005,0.015,0.005,0.025,0.002,0.057,0.009,0.13,0.008,,0.124,0.011,0.056,0.012,,0.11,0,0,0.001,0,20.145,4.972,,,,,,,,,,,,,,,-0.601129621,-0.011974271,-0.683107085,0.201992869,0.631566346,-0.490729179,0.477718183,0.462626279,-0.489815258,-0.580006028,2.916348543,-0.74515154,0.053966913,-0.080207464,-0.41886462,-0.145027271,-0.297373502,-0.64928663,-0.683107085
1982,AFG,10991382,15980409856,0.039,0.004,2.095,0.116,5.869,4.264,-0.411,-8.784,0.388,0.267,0.456,0.191,0.131,0.224,0.385,0.035,,,,1.238,35.867,314.607,8.483,3.966,5.158,792.008,17.021,,926.651,0.585,0.282,0.026,0.396,0.036,0.457,1.804,2.17,0.197,11.494,1.046,3.368,0.306,0.993,0.09,,,9.348,0.01,0.011,0.018,0.005,0.014,0.006,0.025,0.002,0.059,0.01,0.13,0.009,,0.12,0.014,0.048,0.012,,0.109,0,0,0.001,0,19.83,5.02,,,,,,,,,,,,,,,-0.478790392,0.087476919,-0.561128465,0.145046429,1.049185117,-0.371870876,1.223391859,0.608708883,-0.612038912,-0.643108499,2.799654881,-0.95334491,-0.343007894,-0.145690036,-0.185022362,-0.026567237,-0.231310515,-0.899176883,-0.561128465
1983,AFG,10917986,16755333120,0.006,0.001,2.52,0.425,20.308,4.639,0.375,8.787,0.425,0.277,0.406,0.231,0.15,0.22,0.385,0.035,,,,1.245,38.387,319.246,8.868,4.259,5.774,794.127,18.241,,1149.196,0.683,0.293,0.027,0.616,0.056,0.5,1.783,2.119,0.194,11.019,1.009,3.172,0.291,1.22,0.112,,,11.436,0.002,0.013,0.02,0.005,0.014,0.006,0.025,0.002,0.062,0.01,0.129,0.009,,0.138,0.022,0.044,0.015,,0.107,0,0,0.001,0,19.465,5.455,,,,,,,,,,,,,,,-0.467419007,0.074736641,-0.268455541,0.407249183,-0.902355781,-0.525613013,2.683912151,1.170800836,-0.673304942,-0.605334931,3.007425112,-1.347330832,0.326213137,-0.084902545,0.297997292,0.208270669,-0.30684325,-0.883043965,-0.268455541
1984,AFG,11190220,17072152576,0.048,0.004,2.822,0.302,11.968,4.67,0.031,0.675,0.417,0.274,0.406,0.252,0.165,0.246,0.393,0.035,,,,1.293,41.209,323.916,9.26,4.575,6.706,795.975,19.375,,1121.573,0.673,0.316,0.028,0.932,0.083,0.516,1.643,1.849,0.165,10.076,0.9,3.005,0.269,1.134,0.101,,,11.489,0.011,0.014,0.018,0.005,0.014,0.006,0.025,0.002,0.065,0.011,0.128,0.009,,0.169,0.031,0.033,0.014,,0.106,0,0,0.001,0,18.387,5.774,,,,,,,,,,,,,,,-0.452893419,0.062989091,-0.375764957,0.26095873,1.295547353,-0.457906521,4.68525756,1.756095604,-0.808190561,-0.617684438,3.394763856,-1.812589774,0.027034679,-0.110210441,0.242053403,0.316010793,-0.55145874,-0.742183319,-0.375764957
1985,AFG,11426855,17108480000,0.032,0.003,3.501,0.68,24.096,5.069,0.399,8.533,0.444,0.296,0.452,0.306,0.205,0.312,0.4,0.035,,,,1.324,44.71,328.984,9.66,4.905,7.898,797.542,20.923,,1067.071,0.656,0.33,0.029,1.192,0.104,0.574,1.566,1.567,0.137,9.337,0.817,2.794,0.245,1.548,0.135,,,11.217,0.007,0.017,0.02,0.005,0.013,0.006,0.025,0.002,0.068,0.013,0.127,0.009,,0.181,0.038,0.03,0.019,,0.104,0,0,0.001,0,17.89,6.558,,,,,,,,,,,,,,,-0.438499974,0.050823762,0.094492579,0.680806288,0.375215882,-0.449296874,6.392014886,2.048895425,-0.908680341,-0.5873576,3.542369866,-2.187952337,0.609053361,-0.088921931,0.136732375,0.678719572,-0.701740366,-0.639204543,0.094492579
1986,AFG,11420074,17641345024,0.038,0.003,3.134,-0.368,-10.504,4.4,-0.669,-13.192,0.385,0.249,0.384,0.274,0.178,0.273,0.425,0.037,,,,1.362,47.844,333.384,10.085,5.234,9.1,798.809,22.062,,1097.04,0.65,0.33,0.029,1.202,0.105,0.541,1.374,1.266,0.111,8.131,0.712,2.389,0.209,1.14,0.1,,,11.462,0.008,0.015,0.017,0.005,0.013,0.007,0.025,0.003,0.071,0.014,0.126,0.009,,0.194,0.039,0.023,0.013,,0.102,0,0,0.001,0,15.693,6.176,,,,,,,,,,,,,,,-0.159837519,-0.24640159,-0.374796193,0.197722529,0.558468779,-0.497919445,6.612448321,1.883371573,-1.024226969,-0.582331442,3.58627427,-2.564282745,-1.02770359,-0.144224608,0.166205549,0.431721523,-1.074980388,-0.564383606,-0.374796193
1987,AFG,11387824,15810816000,0.043,0.004,3.114,-0.02,-0.632,4.131,-0.269,-6.125,0.363,0.261,0.223,0.273,0.197,0.168,0.443,0.039,,,,1.405,50.957,337.515,10.528,5.458,9.491,799.825,24.075,,1790.467,1.169,0.223,0.02,0.392,0.034,0.507,1.379,1.017,0.089,8.149,0.716,2.592,0.228,2.013,0.177,,,18.483,0.009,0.015,0.016,0.005,0.013,0.007,0.025,0.003,0.072,0.014,0.125,0.01,,0.136,0.012,0.019,0.023,,0.1,0,0,0.001,0,15.699,5.776,,,,,,,,,,,,,,,-0.113890018,-0.228525475,0.704901471,1.054014303,0.978248102,-0.499068853,1.503623263,-0.330141471,-1.117258652,-0.559018604,1.978041387,-2.385509093,-0.48457892,-0.125383022,2.067126568,0.226723593,-1.052493113,-0.572949199,0.704901471
1988,AFG,11523299,14499068928,0.043,0.004,2.857,-0.257,-8.251,3.857,-0.273,-6.62,0.335,0.266,0.118,0.248,0.197,0.088,0.366,0.032,,,,1.448,53.814,341.372,10.894,5.644,9.931,800.826,25.896,,3139.185,2.248,0.187,0.016,0.44,0.038,0.469,1.361,1,0.087,8.332,0.723,2.699,0.234,1.821,0.158,,,32.596,0.009,0.013,0.014,0.004,0.013,0.007,0.024,0.003,0.073,0.014,0.125,0.01,,0.1,0.013,0.019,0.02,,0.098,0,0,0.001,0,15.688,5.405,,,,,,,,,,,,,,,-0.279984653,-0.399558892,0.476976812,0.780626643,0.973518804,-0.540844007,1.77799854,-0.273581668,-1.125727763,-0.555161377,1.184266654,-2.322076585,-0.778142126,-0.119372183,5.893289219,0.016585922,-1.052303812,-0.556952049,0.476976812
1989,AFG,11874088,13489497088,0.043,0.004,2.765,-0.092,-3.222,3.674,-0.183,-4.747,0.309,0.272,0.115,0.233,0.205,0.086,0.337,0.028,,,,1.491,56.579,345.046,11.232,5.685,10.411,801.735,27.761,,3003.004,2.376,0.04,0.003,0.48,0.04,0.413,1.258,0.909,0.077,7.832,0.66,2.684,0.226,1.865,0.157,,,32.052,0.009,0.012,0.013,0.004,0.013,0.007,0.024,0.003,0.072,0.014,0.124,0.011,,0.027,0.013,0.018,0.02,,0.096,0,0,0.001,0,14.936,4.908,,,,,,,,,,,,,,,-0.333148495,-0.474743955,0.58008971,0.656227976,0.968789505,-0.582619161,1.929115641,-0.288797178,-1.179112309,-0.507542332,-0.916581147,-1.858464602,-0.548764738,-0.116700324,5.946025876,-0.29845205,-1.194529769,-0.466325634,0.58008971
1990,AFG,12045664,13065984000,0.046,0.004,2.024,-0.741,-26.784,2.185,-1.489,-40.526,0.181,0.167,0.069,0.168,0.155,0.064,0.278,0.023,,,,1.537,58.603,347.231,11.51,5.71,10.814,801.895,29.032,,2968.316,2.43,0.026,0.002,0.403,0.033,0.35,1.153,0.161,0.013,7.86,0.652,2.645,0.22,1.271,0.106,,,31.746,0.009,0.009,0.008,0.003,0.013,0.007,0.024,0.003,0.07,0.014,0.123,0.011,,0.01,0.011,0.003,0.014,,0.094,0,0,0.001,0,13.892,4.218,,,,,,,,,,,,,,,-0.468979278,-0.610329601,-0.039039448,0.000510003,1.028709316,-0.648206175,1.478606962,-0.518003319,-1.40172791,-0.574414887,-1.222549252,-1.632641283,-1.789019886,-0.26121148,5.999105795,-0.686173446,-1.361969628,-0.436104259,-0.039039448
1991,AFG,12238879,12047362048,0.046,0.004,1.914,-0.11,-5.435,1.915,-0.27,-12.34,0.157,0.159,0.138,0.156,0.159,0.138,0.25,0.02,,,,1.582,60.518,349.147,11.76,5.736,11.203,801.897,30.237,,1293.862,1.154,0.026,0.002,0.389,0.032,0.344,1.158,0.001,0,8.221,0.672,2.72,0.222,1.204,0.098,,,13.903,0.009,0.008,0.007,0.003,0.012,0.007,0.024,0.003,0.068,0.013,0.122,0.011,,0.009,0.01,0,0.012,,0.092,0,0,0.001,0,14.178,4.207,,,,,,,,,,,,,,,-0.511258232,-0.667559116,-0.145566039,-0.131369807,0.94202572,-0.598926575,1.287148564,-0.518469212,-1.468463484,-0.546011888,-1.24973548,-1.489173919,-0.615554473,-0.156340939,1.36670885,-0.698920192,-1.328089004,-0.423503444,-0.145566039
1992,AFG,13278982,12677539840,0.046,0.003,1.482,-0.432,-22.58,-0.179,-2.094,-109.323,-0.013,-0.014,-0.019,0.112,0.117,0.162,0.022,0.002,,,,1.628,62,348.968,11.782,5.758,11.566,800.236,31.266,,760.342,0.723,0.022,0.002,0.363,0.027,0.29,0.942,-1.661,-0.125,8.377,0.631,2.666,0.201,1.03,0.078,,,9.168,0.009,0.007,-0.001,0,0.012,0.007,0.023,0.003,0.066,0.013,0.121,0.011,,0.009,0.009,-0.032,0.011,,0.09,0,0,0.001,0,12.514,3.853,,,,,,,,,,,,,,,-1.000870757,-1.09992232,-0.335934675,-0.371121122,0.678230439,-0.688981243,1.057663624,-0.666944098,-1.898930959,-0.76402138,-1.282999673,-1.349133519,-1.676675443,-0.660476966,-0.154562178,-0.993233172,-1.665986192,-0.266062221,-0.335934675
1993,AFG,14943174,9834582016,0.047,0.003,1.487,0.005,0.33,-2.575,-2.397,1342.009,-0.172,-0.262,-0.283,0.1,0.151,0.163,0.018,0.001,,,,1.675,63.487,346.393,11.8,5.78,11.918,796.174,32.314,,650.207,0.926,0.022,0.001,0.352,0.024,0.269,0.79,-4.062,-0.272,8.579,0.574,2.705,0.181,1.048,0.07,,,9.105,0.009,0.007,-0.009,0,0.012,0.007,0.022,0.003,0.065,0.013,0.119,0.011,,0.009,0.009,-0.082,0.011,,0.089,0,0,0.001,0,11.804,4.021,,,,,,,,,,,,,,,-1.014928464,-1.116020592,-0.376638213,-0.464054917,0.694720892,-0.741608229,0.968046098,-0.745196125,-2.510967539,-1.083388926,-1.34687161,-1.27993878,-0.452158424,8.140644899,0.072428365,-1.043594545,-1.869865284,-0.05022359,-0.376638213
1994,AFG,16250799,7919856640,0.047,0.003,1.454,-0.033,-2.227,-1.994,0.581,-22.549,-0.123,-0.252,-0.226,0.089,0.184,0.165,0.015,0.001,,,,1.722,64.941,344.398,11.815,5.802,12.256,792.726,33.346,,570.403,1.113,0.022,0.001,0.338,0.021,0.256,0.756,-3.448,-0.212,8.974,0.552,2.552,0.157,1.032,0.064,,,8.816,0.008,0.006,-0.007,0,0.012,0.007,0.022,0.003,0.063,0.013,0.118,0.011,,0.007,0.008,-0.059,0.011,,0.087,0,0,0.001,0,12.282,4.159,,,,,,,,,,,,,,,-1.015590717,-1.116976105,-0.410202344,-0.53920062,0.632077503,-0.81735908,0.813933302,-0.862295858,-2.308603841,-0.888161077,-1.38310329,-1.130431286,-0.258886363,-0.251170736,0.310852243,-1.040082022,-1.853405261,0.097927074,-0.410202344
1995,AFG,17065836,12307525632,0.047,0.003,1.417,-0.037,-2.511,-1.051,0.943,-47.293,-0.062,-0.085,-0.142,0.083,0.115,0.191,0.015,0.001,,,,1.769,66.358,343.347,11.829,5.824,12.578,790.257,34.357,,452.46,0.604,0.022,0.001,0.322,0.019,0.253,0.78,-2.469,-0.145,9.505,0.557,2.672,0.157,1.011,0.059,,,7.429,0.008,0.006,-0.004,0,0.012,0.007,0.021,0.002,0.061,0.013,0.116,0.011,,0.007,0.008,-0.045,0.011,,0.085,0,0,0.001,0,13.319,4.321,,,,,,,,,,,,,,,-1.245844794,-0.800670948,-0.437921356,-0.604474388,0.626908269,-0.863020295,0.736573314,-0.925334744,-2.133038367,-0.664147718,-1.398737292,-0.990726592,-0.166413201,-0.413322799,-0.792079127,-0.979300748,-1.734069662,0.191225739,-0.437921356
1996,AFG,17763265,12070125568,0.047,0.003,1.37,-0.047,-3.332,1.356,2.407,-228.996,0.076,0.112,0.186,0.077,0.114,0.188,0.007,0,,,,1.816,67.728,344.703,11.837,5.846,12.886,790.243,35.343,,425.906,0.604,0.022,0.001,0.308,0.017,0.249,0.885,-0.014,-0.001,10.506,0.591,2.899,0.163,0.986,0.055,,,7.286,0.007,0.006,0.004,0,0.012,0.007,0.021,0.002,0.059,0.012,0.115,0.011,,0.006,0.007,0,0.01,,0.084,0,0,0.001,0,15.723,4.425,,,,,,,,,,,,,,,-1.261671587,-0.817050489,-0.484881039,-0.675301721,0.564264879,-0.938771145,0.518833278,-0.930532611,-1.598743383,-0.228276946,-1.424670133,-0.846120497,0.176887165,-1.565840162,-0.828044971,-0.880142358,-1.410832355,0.291863231,-0.484881039
1997,AFG,18452100,11850753024,0.047,0.003,1.304,-0.066,-4.814,4.953,3.597,265.223,0.268,0.418,0.714,0.071,0.11,0.188,0.004,0,,,,1.864,69.032,349.656,11.84,5.868,13.168,793.891,36.292,,390.019,0.585,0.022,0.001,0.282,0.015,0.242,1.007,3.648,0.198,11.334,0.614,3.186,0.173,0.949,0.051,,,6.938,0.007,0.005,0.016,0,0.011,0.007,0.021,0.002,0.057,0.012,0.115,0.011,,0.006,0.006,0.049,0.01,,0.083,0,0,0.001,0,18.584,4.466,,,,,,,,,,,,,,,-1.262688273,-0.817608903,-0.509472949,-0.730848044,0.477251332,-0.89240609,0.360440567,-1.031178171,-0.870656122,0.260242696,-1.440304134,-0.706415803,0.748458685,1.40102683,-0.911859097,-0.780730165,-1.028339842,0.390796124,-0.509472949
1998,AFG,19159996,11692171264,0.047,0.002,1.279,-0.026,-1.967,0.979,-3.974,-80.239,0.051,0.084,0.145,0.067,0.109,0.189,0.004,0,,,,1.911,70.311,350.634,11.844,5.89,13.432,793.591,37.234,,365.121,0.577,0.022,0.001,0.264,0.014,0.236,0.918,-0.3,-0.016,11.976,0.625,3.453,0.18,0.942,0.049,,,6.752,0.007,0.005,0.003,0,0.011,0.007,0.021,0.002,0.056,0.012,0.114,0.011,,0.007,0.006,-0.005,0.01,,0.082,0,0,0.001,0,17.581,4.528,,,,,,,,,,,,,,,-1.262570129,-0.817741269,-0.513854024,-0.76450392,0.213346068,-0.983432273,0.301488984,-1.075472492,-1.704292111,-0.203210735,-1.44126911,-0.644596366,-1.670929997,-0.449307011,-0.960406103,-0.823484294,-1.203866994,0.488427276,-0.513854024
1999,AFG,19887791,11517316096,0.047,0.002,1.092,-0.187,-14.616,1.859,0.88,89.923,0.093,0.161,0.275,0.055,0.095,0.162,0.004,0,,,,1.959,71.402,352.493,11.848,5.912,13.674,794.359,38.01,,350.347,0.586,0.022,0.001,0.242,0.012,0.223,0.966,0.767,0.039,12.904,0.649,3.699,0.186,0.777,0.039,,,6.749,0.007,0.004,0.006,0,0.011,0.007,0.02,0.002,0.054,0.012,0.113,0.011,,0.007,0.005,0.013,0.008,,0.082,0,0,0.001,0,19.208,4.431,,,,,,,,,,,,,,,-1.262451984,-0.817873636,-0.65957468,-0.916573561,0.20806685,-1.030065004,0.151233622,-1.171132669,-1.504542763,0.012272163,-1.456903111,-0.504891672,-0.368144009,0.441636437,-0.963739492,-0.812334558,-1.003511765,0.60475179,-0.65957468
2000,AFG,20130334,11283793920,0.01,0.001,1.047,-0.045,-4.078,1.104,-0.755,-40.599,0.055,0.098,0.187,0.052,0.093,0.177,0.004,0,,,,1.969,72.449,353.597,11.851,5.934,13.897,794.416,38.798,,302.595,0.524,0.022,0.001,0.224,0.011,0.225,0.842,0.057,0.003,11.643,0.578,3.221,0.16,0.788,0.039,,,5.914,0.001,0.004,0.004,0,0.011,0.007,0.02,0.002,0.053,0.011,0.112,0.011,,0.006,0.005,0.001,0.008,,0.081,0,0,0.001,0,16.955,4.521,,,,,,,,,,,,,,,-1.262363376,-0.817972911,-0.647931925,-0.927043397,-1.198022373,-1.007949391,0.004048123,-1.115523574,-1.683842544,-0.040178227,-1.478465765,-0.433269436,-0.70384699,-0.312982981,-1.143303698,-0.879131826,-1.330217302,0.564222074,-0.647931925
2001,AFG,20284303,11021273088,0.007,0,1.069,0.022,2.098,1.84,0.736,66.622,0.091,0.167,0.394,0.053,0.097,0.229,0.07,0.003,,,,1.975,73.519,355.437,11.921,5.956,14.106,795.186,39.56,,236.892,0.423,0.022,0.001,0.209,0.01,0.23,0.778,0.771,0.038,10.357,0.511,2.852,0.141,0.762,0.038,,,4.664,0.001,0.004,0.006,0.001,0.01,0.007,0.02,0.002,0.051,0.011,0.111,0.011,,0.007,0.004,0.016,0.007,,0.079,0,0,0.001,0,15.772,4.67,,,,,,,,,,,,,,,-1.139906284,-0.722612704,-0.676443938,-0.965041864,-1.604131697,-0.945248351,-0.106738073,-1.193159856,-1.549640779,0.139631793,-1.483800928,-0.298466141,-0.078211905,0.27909235,-1.419449058,-0.884654656,-1.502294986,0.506331795,-0.676443938
2002,AFG,21378123,18804871168,0.011,0.001,1.341,0.272,25.432,6.115,4.275,232.4,0.286,0.325,1.381,0.063,0.071,0.303,0.055,0.003,,,,1.986,74.86,361.552,11.976,5.956,14.653,799.96,40.288,,210.862,0.235,0,0,0.547,0.026,0.24,0.97,4.774,0.223,12.464,0.583,3.298,0.154,0.727,0.034,,,4.428,0.001,0.005,0.019,0.001,0.01,0.007,0.02,0.002,0.05,0.011,0.111,0.01,,0,0.011,0.093,0.007,,0.079,0,0,0.001,0,20.735,5.132,,,,,,,,,,,,,,,-1.143808271,-0.726728438,-0.782298165,-0.926413112,-1.259966739,-0.938433136,1.465704781,-0.691565931,-0.691320282,0.813690068,-1.709837165,-0.1868522,1.526472663,1.131369859,-1.803071929,-0.555363326,-0.86886171,0.716835665,-0.782298165
2003,AFG,22733054,21074343936,0.01,0,1.56,0.219,16.302,5.925,-0.19,-3.113,0.261,0.281,1.138,0.069,0.074,0.299,0.092,0.004,,,,1.996,76.419,367.477,12.068,5.956,15.12,804.325,41.279,,229.968,0.247,0,0,0.466,0.021,0.243,0.942,4.365,0.192,12.859,0.566,3.433,0.151,0.992,0.044,,,5.208,0.001,0.006,0.018,0.001,0.01,0.007,0.02,0.002,0.048,0.011,0.111,0.01,,0,0.009,0.072,0.009,,0.078,0,0,0.001,0,21.423,5.521,,,,,,,,,,,,,,,-1.114343362,-0.709219719,-0.595210282,-0.792841512,-1.541462293,-0.986547485,1.05631996,-0.901968169,-0.86895109,0.69535028,-1.718577539,-0.040884484,-0.083288584,-0.135239057,-1.754957791,-0.438239754,-0.835215322,0.849677319,-0.595210282
2004,AFG,23560656,22332569600,0.01,0,1.237,-0.322,-20.669,3.352,-2.572,-43.42,0.142,0.15,0.697,0.053,0.055,0.257,0.092,0.004,,,,2.006,77.656,370.829,12.159,5.956,15.347,806.44,42.188,,204.231,0.215,0,0,0.227,0.01,0.227,0.851,2.115,0.09,12.922,0.548,3.41,0.145,0.909,0.039,,,4.81,0.001,0.004,0.01,0.001,0.009,0.007,0.02,0.002,0.047,0.011,0.11,0.01,,0,0.004,0.039,0.008,,0.078,0,0,0.001,0,20.057,5.354,,,,,,,,,,,,,,,-1.11165558,-0.712231057,-0.661947273,-0.876312413,-1.62429646,-0.903264852,-0.036118259,-1.318235108,-1.356883879,0.449073141,-1.722947726,0.032099373,-1.669717703,-0.244997593,-1.849113525,-0.576253703,-1.040802767,0.917675413,-0.661947273
2005,AFG,24404574,25397686272,0.006,0,1.89,0.652,52.719,2.78,-0.572,-17.055,0.114,0.109,0.452,0.077,0.074,0.307,0.106,0.004,,,,2.012,79.546,373.609,12.266,5.956,15.677,807.331,43.635,,252.069,0.242,0,0,0.33,0.014,0.254,0.851,0.891,0.037,13.275,0.544,3.559,0.146,1.447,0.059,,,6.153,0.001,0.006,0.008,0.001,0.009,0.007,0.019,0.002,0.046,0.011,0.11,0.01,,0,0.006,0.018,0.013,,0.078,0,0,0.001,0,20.766,6.204,,,,,,,,,,,,,,,-1.103337182,-0.713629214,-0.26730234,-0.585490036,-1.71159511,-0.881230857,0.418013331,-1.199125113,-1.616932535,0.267507258,-1.727317913,0.105083231,0.524065229,-0.263667643,-1.734288349,-0.306765236,-0.987961406,1.002123203,-0.26730234
2006,AFG,25424100,28704399360,0.012,0,2.159,0.27,14.279,3.128,0.348,12.5,0.123,0.109,0.404,0.085,0.075,0.279,0.161,0.006,,,,2.024,81.705,376.737,12.427,5.956,16.006,808.3,45.292,,304.421,0.27,0,0,0.329,0.013,0.26,0.826,0.969,0.038,13.566,0.534,3.416,0.134,1.657,0.065,,,7.745,0.001,0.007,0.009,0.001,0.009,0.007,0.019,0.002,0.045,0.01,0.109,0.011,,0,0.006,0.018,0.015,,0.078,0,0,0.001,0,21.007,6.61,,,,,,,,,,,,,,,-1.052086889,-0.680758548,-0.032806536,-0.595535919,-1.582956792,-0.934683669,0.312015705,-1.150978818,-1.639688892,0.329820316,-1.7316881,0.178067089,0.119540025,-0.053739998,-1.61149621,-0.204137901,-0.992763579,1.092260684,-0.032806536
2007,AFG,25909852,34507530240,0.012,0,2.8,0.641,29.666,3.565,0.437,13.962,0.138,0.103,0.388,0.108,0.081,0.305,0.747,0.029,,,,2.036,84.505,380.302,13.174,5.956,16.314,809.065,47.025,,354.28,0.266,0,0,0.308,0.012,0.29,0.845,0.765,0.03,13.974,0.539,3.363,0.13,1.733,0.067,,,9.177,0.001,0.009,0.01,0.006,0.008,0.007,0.019,0.002,0.044,0.01,0.108,0.011,,0,0.005,0.017,0.015,,0.078,0,0,0.001,0,21.89,7.52,,,,,,,,,,,,,,,-0.228832132,-0.058791553,0.017510654,-0.595329126,-1.666010927,-0.853344066,0.189956679,-1.240141641,-1.701347655,0.369453388,-1.736058287,0.251050946,0.635059398,-0.067941645,-1.551377162,0.088380868,-0.906584479,1.160401638,0.017510654
2008,AFG,26482629,36561043456,0.015,0.001,4.254,1.455,51.951,4.887,1.323,37.103,0.185,0.134,0.304,0.161,0.116,0.265,1.078,0.041,,,,2.051,88.76,385.19,14.252,5.956,16.611,809.698,49.889,,607.833,0.439,0,0,0.297,0.011,0.348,0.935,0.633,0.024,15.253,0.576,3.662,0.138,2.864,0.108,,,16.063,0.001,0.013,0.013,0.008,0.008,0.007,0.019,0.002,0.043,0.01,0.108,0.011,,0,0.005,0.013,0.026,,0.078,0,0,0.001,0,24.754,9.212,,,,,,,,,,,,,,,0.195798508,0.220687739,0.849932329,0.015829734,-1.34394559,-0.843449141,0.147710044,-1.286403644,-1.739509543,0.342654769,-1.740428474,0.324034804,1.88641416,0.01942857,-0.887382882,0.695382132,-0.583409755,1.308714239,0.849932329
2009,AFG,27466101,44358721536,0.013,0,6.392,2.137,50.239,6.904,2.016,41.256,0.251,0.156,0.259,0.233,0.144,0.239,1.514,0.055,,,,2.064,95.152,392.093,15.766,5.956,16.882,810.21,54.483,,975.048,0.602,0,0,0.271,0.01,0.422,1,0.512,0.019,15.66,0.57,3.964,0.144,4.594,0.167,,,26.702,0.001,0.02,0.019,0.012,0.008,0.007,0.019,0.003,0.042,0.01,0.107,0.012,,0,0.005,0.01,0.042,,0.078,0,0,0.001,0,27.462,11.604,,,,,,,,,,,,,,,1.042343421,0.300629882,2.157545697,0.807111005,-1.647430783,-0.887512264,0.070737016,-1.333090835,-1.797369849,0.374601107,-1.744798661,0.397018662,2.733687364,0.038140809,-0.087970201,1.459823424,-0.304430054,1.410330482,2.157545697
2010,AFG,28284088,47399424000,0.015,0.001,8.365,1.973,30.866,8.516,1.613,23.357,0.301,0.18,0.255,0.296,0.176,0.251,2.246,0.079,,,,2.079,103.516,400.61,18.012,5.956,17.153,810.361,60.316,,1182.892,0.703,0,0,0.271,0.01,0.493,1.117,0.151,0.005,17.641,0.624,4.382,0.155,5.833,0.206,,,33.345,0.001,0.025,0.022,0.016,0.007,0.008,0.019,0.003,0.041,0.01,0.106,0.013,,0,0.004,0.003,0.052,,0.079,0,0,0.001,0,31.581,13.947,,,,,,,,,,,,,,,1.920053143,0.867323456,3.086884769,1.256961931,-1.428759463,-0.777653781,0.019882091,-1.400898649,-1.901769127,0.368927593,-1.749168847,0.470002519,2.27602678,-0.025763064,0.380696851,2.271111689,0.154301912,1.650175476,3.086884769
2011,AFG,29347709,53326336000,0.015,0,11.838,3.474,41.525,11.931,3.415,40.098,0.407,0.224,0.284,0.403,0.222,0.282,4.181,0.142,,,,2.093,115.355,412.541,22.193,5.956,17.461,810.454,67.651,,1436.114,0.788,0,0,0.308,0.01,0.614,1.214,0.093,0.003,18.205,0.62,4.516,0.154,7.335,0.25,,,42.005,0.001,0.034,0.03,0.028,0.007,0.008,0.019,0.003,0.04,0.01,0.106,0.014,,0,0.005,0.002,0.065,,0.08,0,0,0.001,0,35.634,18.008,,,,,,,,,,,,,,,4.263457332,2.478060472,4.198708208,1.799019615,-1.689035266,-0.836619963,0.168715205,-1.385488702,-1.913874327,0.36045183,-1.753539034,0.542986377,4.355590649,0.02651926,0.881177521,3.518880501,0.568503516,1.777779989,4.198708208
2012,AFG,30560036,59166900224,0.029,0.001,10.035,-1.803,-15.23,10.085,-1.846,-15.472,0.33,0.17,0.25,0.328,0.17,0.249,3.125,0.102,,,,2.122,125.39,422.626,25.318,5.956,17.769,810.504,74.225,,1324.121,0.682,0,0,0.308,0.01,0.532,1.1,0.05,0.002,18.094,0.592,4.532,0.148,6.573,0.215,,,40.341,0.002,0.029,0.025,0.021,0.007,0.009,0.019,0.004,0.039,0.009,0.105,0.015,,0,0.005,0.001,0.057,,0.08,0.001,0,0.001,0,33.622,16.252,,,,,,,,,,,,,,,3.27565292,1.000316551,3.75119314,1.093310442,-1.072778988,-0.886860102,0.088832174,-1.321813861,-1.949828281,0.405719885,-1.757909221,0.615970235,-2.794370744,-0.138868709,0.533069984,2.860570475,0.310302131,1.840807147,3.75119314
2013,AFG,31622708,62993698816,0.036,0.001,9.229,-0.807,-8.04,9.21,-0.875,-8.679,0.291,0.146,0.275,0.292,0.146,0.276,3.303,0.104,,,,2.158,134.618,431.836,28.621,5.956,18.066,810.485,79.818,,1060.793,0.531,0,0,0.297,0.009,0.495,1.043,-0.019,-0.001,18.228,0.576,4.544,0.144,5.593,0.177,,,33.459,0.002,0.026,0.023,0.022,0.007,0.009,0.019,0.004,0.038,0.009,0.104,0.016,,0,0.005,0,0.048,,0.081,0.001,0,0.001,0,32.971,15.655,,,,,,,,,,,,,,,3.521748791,0.990942255,3.201232323,0.341870796,-0.925120592,-0.97059505,0.04658554,-1.368075864,-1.989854758,0.449362243,-1.762279408,0.688954093,-1.484249847,-0.123078217,-0.103397641,2.605681056,0.212208537,1.917203566,3.201232323
2014,AFG,32792527,64346107904,0.029,0.001,9.086,-0.142,-1.544,9.041,-0.169,-1.837,0.276,0.141,0.318,0.277,0.141,0.32,3.621,0.11,,,,2.186,143.704,440.876,32.242,5.956,18.337,810.44,84.983,,868.576,0.442,0,0,0.271,0.008,0.48,1.027,-0.045,-0.001,18.683,0.57,4.819,0.147,5.165,0.157,,,28.417,0.002,0.026,0.022,0.024,0.006,0.01,0.019,0.005,0.037,0.009,0.103,0.016,,0,0.004,-0.001,0.044,,0.082,0.001,0.001,0.001,0,33.681,15.756,,,,,,,,,,,,,,,4.168673833,0.778168861,2.933106145,-0.020084145,-1.161552274,-0.85603929,-0.087726912,-1.454439224,-2.022749921,0.495095584,-1.766649595,0.76193795,-0.575896643,-0.103483912,-0.528662657,2.602100635,0.268442355,2.028637452,2.933106145
2015,AFG,33831765,62783393792,0.041,0.001,9.67,0.584,6.429,9.803,0.763,8.437,0.29,0.156,0.299,0.286,0.154,0.295,2.722,0.08,,,,2.228,153.375,450.68,34.965,5.956,18.619,810.573,91.607,,970.08,0.522,0,0,0.282,0.008,0.485,0.992,0.133,0.004,18.048,0.533,4.798,0.142,6.625,0.196,,,32.744,0.003,0.027,0.024,0.019,0.006,0.01,0.02,0.005,0.036,0.009,0.103,0.017,,0,0.004,0.002,0.056,,0.082,0.001,0.001,0.001,0,33.569,16.421,,,,,,,,,,,,,,,3.240780783,-0.110762636,3.967142736,0.464231659,-0.848781189,-0.950342552,-0.055969411,-1.481421689,-1.98902895,0.522820426,-1.771019782,0.834921808,0.474172991,-0.072032775,-0.242940239,2.712530243,0.224090285,2.012044893,3.967142736
2016,AFG,34700614,64372215808,0.076,0.002,8.906,-0.764,-7.899,9.108,-0.696,-7.095,0.262,0.141,0.305,0.257,0.138,0.298,2.718,0.078,,,,2.304,162.281,459.787,37.682,5.956,18.938,810.774,97.401,,862.791,0.464,0,0,0.319,0.009,0.46,0.954,0.201,0.006,18.125,0.522,4.767,0.137,5.794,0.167,,,29.884,0.005,0.025,0.023,0.019,0.006,0.01,0.02,0.005,0.035,0.009,0.102,0.018,,0,0.005,0.005,0.048,,0.082,0.001,0.001,0.001,0,33.088,15.959,,,,,,,,,,,,,,,3.293325282,-0.23106566,3.538984872,-0.175530833,0.274633439,-1.162435472,0.117470378,-1.454013292,-1.995561304,0.597650499,-1.775389969,0.907905666,-1.386625613,-0.118848163,-0.49573178,2.530524554,0.15432697,2.061473851,3.538984872
2017,AFG,35688942,65169281024,0.045,0.001,9.677,0.771,8.657,14.573,5.465,60.005,0.408,0.224,0.493,0.271,0.148,0.327,3.257,0.091,,,,2.349,171.958,474.36,40.94,5.956,19.238,815.67,103.476,,829.312,0.454,0,0,0.3,0.008,0.48,1.025,4.895,0.137,18.182,0.509,4.969,0.139,6.075,0.17,,,29.56,0.003,0.027,0.036,0.022,0.006,0.011,0.02,0.005,0.034,0.009,0.102,0.019,,0,0.004,0.116,0.05,,0.083,0.001,0.001,0.001,0,36.574,17.134,,,,,,,,,,,,,,,3.928820105,0.065902188,3.819319847,-0.273372456,-0.775450468,-1.095758978,-0.000232837,-1.541929105,-0.981558663,1.514138917,-1.779760156,0.980889523,2.134455302,0.083385508,-0.559607278,2.951550244,0.532328821,2.112935728,3.819319847
2018,AFG,36743040,65996738560,0.057,0.002,10.602,0.924,9.553,13.308,-1.265,-8.682,0.362,0.202,0.392,0.289,0.161,0.313,3.633,0.099,,,,2.405,182.56,487.668,44.573,5.956,19.531,818.376,110.095,,924.251,0.514,0,0,0.293,0.008,0.499,1,2.706,0.074,18.741,0.51,4.876,0.133,6.619,0.18,,,33.908,0.004,0.029,0.033,0.025,0.006,0.011,0.02,0.006,0.034,0.008,0.102,0.019,,0,0.004,0.07,0.054,,0.083,0.001,0.001,0.001,0,36.748,18.331,,,,,,,,,,,,,,,4.680426066,-0.065706492,4.180643565,-0.170232586,-0.205483124,-1.158298484,-0.096390112,-1.478155107,-1.456861762,1.142321888,-1.779760156,0.980889523,0.196259198,-0.106805446,-0.319837063,3.202425681,0.518697652,2.22420856,4.180643565
2019,AFG,37856126,73085706240,0.038,0.001,10.825,0.223,2.106,19.743,6.436,48.361,0.522,0.27,0.651,0.286,0.148,0.357,3.701,0.098,,,,2.444,193.386,507.412,48.274,5.956,19.776,827.294,116.936,,802.613,0.415,0,0,0.245,0.006,0.49,1.034,8.918,0.236,18.734,0.495,4.628,0.122,6.841,0.181,,,30.314,0.002,0.029,0.048,0.025,0.006,0.012,0.021,0.006,0.033,0.008,0.103,0.02,,0,0.003,0.236,0.055,,0.083,0.001,0.001,0.001,0,39.145,18.538,,,,,,,,,,,,,,,4.801676742,-0.192661914,4.418720986,-0.318214759,-0.994990884,-1.169382158,-0.305687749,-1.579541924,-0.031991063,2.422136591,-1.784130343,1.053873381,1.847423985,-0.019254978,-0.668037088,3.323954938,0.773092146,2.268703851,4.418720986
2020,AFG,39068978,71417708544,0.061,0.002,11.606,0.781,7.213,16.833,-2.91,-14.741,0.431,0.236,0.614,0.297,0.163,0.424,4.116,0.105,,,,2.504,204.991,524.245,52.39,5.956,19.93,832.521,124.211,,702.888,0.384,0,0,0.154,0.004,0.477,0.968,5.227,0.134,18.086,0.463,4.539,0.116,7.275,0.186,,,27.393,0.004,0.033,0.044,0.029,0.006,0.012,0.021,0.007,0.032,0.008,0.103,0.021,,0,0.002,0.152,0.066,,0.083,0.001,0.001,0.001,0,37.833,18.633,,,,,,,,,,,,,,,5.625528022,-0.30627123,4.985767396,-0.263250609,-0.129732762,-1.282341576,-0.614928399,-1.680438264,-0.859390475,1.761503285,-1.78850053,1.126857239,-0.466236025,-0.087096615,-0.860552236,3.222111614,0.597333016,2.234143337,4.985767396
2021,AFG,40000411,56638849024,0.016,0,10.272,-1.334,-11.495,22.036,5.203,30.911,0.551,0.389,0.812,0.257,0.181,0.379,3.397,0.085,,,,2.521,215.263,546.281,55.786,5.956,20.088,844.285,130.912,,676.696,0.479,0,0,0.158,0.004,0.449,0.958,11.764,0.294,18.751,0.469,4.387,0.11,6.701,0.168,,,27.135,0.001,0.028,0.054,0.022,0.006,0.012,0.021,0.007,0.031,0.008,0.104,0.022,,0,0.002,0.331,0.058,,0.084,0.001,0.001,0.001,0,38.313,17.947,,,,,,,,,,,,,,,4.801534284,-1.126829206,4.698701043,-0.789969547,-1.79618293,-1.166396459,-0.602053299,-1.696006629,0.63486805,3.147813082,-1.792870717,1.199841096,-0.137487354,-0.090805726,-0.71999138,3.048747006,0.641973992,2.351787786,4.698701043
2022,AFG,40578846,53303472128,0.016,0,10.558,0.286,2.784,25.863,3.827,17.365,0.637,0.485,,0.26,0.198,,3.531,0.087,,,,2.537,225.821,572.144,59.318,5.956,20.236,859.59,137.774,,,,0,0,0.148,0.004,0.452,0.973,15.305,0.377,18.826,0.464,4.368,0.108,6.862,0.169,,,,0.001,0.028,0.063,0.023,0.005,0.013,0.022,0.007,0.031,0.008,0.105,0.022,,0,0.002,0.432,0.058,,0.084,0.001,0.001,0.001,0,39.485,18.355,,,,,,,,,,,,,,,5.038182933,-1.150515521,4.820405528,-0.866927867,-1.879676999,-1.088942917,-0.621248126,-1.713452814,1.425738138,3.93870949,-1.792870717,1.199841096,1.100343384,-0.120060171,1.71E-16,3.178935783,0.762284488,2.382436863,4.820405528
2023,AFG,41454762,,0.016,0,11.02,0.462,4.38,28.452,2.589,10.01,0.686,,,0.266,,,3.843,0.093,,,,2.553,236.841,600.595,63.161,5.956,20.386,877.022,144.785,,,,0,0,0.15,0.004,0.45,0.967,17.431,0.42,18.684,0.451,4.182,0.101,7.011,0.169,,,,0.001,0.029,0.069,0.025,0.005,0.013,0.023,0.008,0.03,0.008,0.107,0.023,,0,0.002,0.481,0.057,,0.084,0.001,0.001,0.001,0,40.081,18.638,,,,,,,,,,,,,,,5.689454393,-1.371553534,4.988137125,-1.063151634,-1.881436738,-1.104487161,-0.613111685,-1.72860728,1.842210608,4.312849955,-1.797240904,1.272824954,0.899461096,-0.122545015,1.71E-16,3.244294888,0.812134889,2.393196429,4.988137125
